Gender,Age,Hours,mph,finish_all
F,32,2.7625,9.491,8
F,27,2.8619,9.1612,15
F,30,2.9031,9.0314,19
F,32,2.9264,8.9594,26
F,28,3.0181,8.6873,45
F,44,3.0289,8.6562,46
F,25,3.0525,8.5893,51
F,37,3.1003,8.4569,59
F,32,3.1222,8.3975,67
F,32,3.1328,8.3692,70
F,22,3.1347,8.364,71
F,29,3.1525,8.3168,81
F,34,3.1658,8.2818,87
F,24,3.1997,8.1941,94
F,32,3.2069,8.1756,98
F,34,3.2175,8.1488,101
F,44,3.2197,8.1432,102
F,55,3.2253,8.1291,103
F,47,3.2392,8.0943,108
F,38,3.2428,8.0853,110
F,22,3.2703,8.0173,121
F,27,3.2719,8.0132,122
F,35,3.2806,7.9922,125
F,28,3.2931,7.9618,131
F,28,3.2947,7.9578,132
F,34,3.2953,7.9565,133
F,33,3.2956,7.9558,134
F,36,3.2969,7.9524,137
F,31,3.3006,7.9437,138
F,42,3.3183,7.9012,149
F,26,3.325,7.8853,151
F,37,3.3261,7.8827,152
F,22,3.3519,7.822,163
F,45,3.3531,7.8194,164
F,43,3.37,7.78,171
F,36,3.4169,7.6732,192
F,26,3.4231,7.6595,198
F,41,3.4319,7.6396,200
F,39,3.4322,7.639,201
F,39,3.4331,7.6371,202
F,29,3.4344,7.6341,203
F,39,3.44,7.6217,204
F,40,3.4683,7.5595,215
F,49,3.4744,7.5462,218
F,32,3.4775,7.5395,222
F,47,3.4856,7.5221,227
F,28,3.4872,7.5185,229
F,52,3.4897,7.5131,230
F,32,3.4906,7.5113,231
F,38,3.5,7.4911,239
F,26,3.5022,7.4863,240
F,48,3.5042,7.4822,242
F,29,3.5042,7.4822,243
F,50,3.5131,7.4632,248
F,43,3.5194,7.4497,251
F,52,3.5217,7.445,254
F,32,3.5217,7.445,255
F,41,3.5239,7.4403,257
F,26,3.5289,7.4297,262
F,35,3.5308,7.4257,264
F,34,3.5325,7.4222,265
F,30,3.5369,7.4128,268
F,27,3.5439,7.3983,272
F,39,3.5467,7.3925,274
F,38,3.5492,7.3873,276
F,48,3.5533,7.3786,277
F,48,3.5569,7.3711,280
F,35,3.5578,7.3694,281
F,28,3.5581,7.3688,282
F,41,3.5589,7.3671,283
F,30,3.5597,7.3654,285
F,28,3.5603,7.3642,286
F,42,3.5889,7.3055,302
F,35,3.5892,7.305,303
F,31,3.5928,7.2976,305
F,38,3.6139,7.255,315
F,57,3.6147,7.2533,317
F,41,3.6197,7.2433,318
F,46,3.62,7.2427,320
F,43,3.6219,7.2389,321
F,31,3.6231,7.2366,323
F,40,3.6253,7.2322,326
F,26,3.6261,7.2305,327
F,47,3.6281,7.2267,329
F,35,3.6286,7.2256,331
F,43,3.6317,7.2195,332
F,39,3.6506,7.1821,342
F,33,3.6525,7.1783,345
F,33,3.6592,7.1652,355
F,43,3.6603,7.163,357
F,27,3.6617,7.1603,358
F,29,3.6644,7.1549,360
F,31,3.6656,7.1527,362
F,43,3.6656,7.1527,363
F,43,3.6658,7.1522,365
F,47,3.6689,7.1462,367
F,43,3.6717,7.1408,370
F,39,3.6742,7.136,372
F,43,3.6789,7.1268,376
F,39,3.6819,7.1209,380
F,41,3.6822,7.1204,381
F,39,3.6831,7.1187,384
F,39,3.6836,7.1177,385
F,33,3.6875,7.1102,391
F,32,3.6956,7.0947,393
F,25,3.6983,7.0893,394
F,40,3.6992,7.0877,395
F,31,3.6997,7.0867,396
F,30,3.7056,7.0755,401
F,42,3.7058,7.075,402
F,40,3.7067,7.0734,403
F,56,3.7111,7.0649,407
F,23,3.7139,7.0596,410
F,31,3.7153,7.057,412
F,51,3.7242,7.0402,419
F,34,3.7314,7.0265,424
F,45,3.7367,7.0166,428
F,27,3.7411,7.0083,432
F,36,3.7419,7.0067,434
F,27,3.7458,6.9994,435
F,29,3.7486,6.9943,440
F,30,3.7508,6.9901,442
F,27,3.7511,6.9896,443
F,44,3.7531,6.986,445
F,53,3.7536,6.9849,446
F,24,3.7622,6.969,450
F,29,3.7633,6.9669,452
F,33,3.7644,6.9648,454
F,25,3.7647,6.9643,455
F,34,3.765,6.9638,456
F,35,3.7664,6.9612,457
F,54,3.7669,6.9602,459
F,36,3.7717,6.9515,465
F,44,3.7719,6.951,466
F,27,3.7786,6.9387,470
F,42,3.7831,6.9306,474
F,52,3.785,6.927,475
F,31,3.7853,6.9265,477
F,53,3.7944,6.9098,483
F,44,3.7961,6.9067,485
F,33,3.7981,6.9032,488
F,26,3.8011,6.8977,491
F,40,3.8031,6.8941,492
F,47,3.8058,6.8891,496
F,25,3.8086,6.8841,498
F,58,3.8119,6.8781,500
F,24,3.8158,6.871,502
F,50,3.8178,6.8675,505
F,64,3.8178,6.8675,506
F,38,3.8181,6.867,507
F,29,3.8183,6.8665,508
F,46,3.8197,6.864,509
F,47,3.8253,6.8541,515
F,47,3.8308,6.8441,523
F,43,3.8342,6.8382,525
F,26,3.8344,6.8377,526
F,29,3.8344,6.8377,527
F,37,3.8364,6.8342,529
F,44,3.8417,6.8248,533
F,50,3.8419,6.8243,534
F,46,3.8433,6.8219,535
F,50,3.8444,6.8199,537
F,63,3.8533,6.8042,547
F,29,3.8586,6.7949,551
F,59,3.86,6.7924,552
F,41,3.8614,6.79,555
F,25,3.8653,6.7831,559
F,36,3.8664,6.7812,560
F,23,3.8697,6.7754,562
F,38,3.8725,6.7705,563
F,29,3.8758,6.7647,566
F,34,3.8764,6.7637,567
F,45,3.8772,6.7623,568
F,25,3.8778,6.7613,569
F,44,3.8781,6.7608,570
F,40,3.8786,6.7598,572
F,35,3.8792,6.7589,575
F,45,3.88,6.7574,576
F,25,3.8872,6.7449,583
F,39,3.8878,6.7439,584
F,38,3.8903,6.7396,587
F,27,3.8956,6.7304,589
F,40,3.8983,6.7256,592
F,39,3.8986,6.7252,594
F,28,3.9,6.7228,596
F,25,3.9003,6.7223,597
F,39,3.9025,6.7184,599
F,26,3.9031,6.7175,601
F,46,3.9111,6.7037,604
F,28,3.9111,6.7037,605
F,32,3.9114,6.7032,606
F,37,3.9114,6.7032,607
F,32,3.9125,6.7013,608
F,48,3.9142,6.6984,609
F,30,3.9175,6.6927,612
F,46,3.9175,6.6927,613
F,47,3.9183,6.6913,618
F,29,3.9189,6.6904,620
F,42,3.9208,6.687,622
F,46,3.9211,6.6866,623
F,49,3.9217,6.6856,625
F,46,3.9231,6.6832,627
F,47,3.9244,6.6809,628
F,61,3.9275,6.6757,631
F,37,3.9275,6.6757,632
F,33,3.9281,6.6747,633
F,27,3.9289,6.6733,636
F,25,3.9331,6.6663,640
F,37,3.9408,6.6531,643
F,26,3.9408,6.6531,644
F,25,3.9408,6.6531,645
F,40,3.9439,6.6479,650
F,54,3.9453,6.6456,651
F,28,3.9472,6.6423,654
F,25,3.9517,6.6349,656
F,20,3.9539,6.6311,659
F,47,3.955,6.6293,661
F,27,3.9567,6.6265,663
F,43,3.9608,6.6195,666
F,51,3.9667,6.6098,670
F,36,3.9686,6.6065,674
F,24,3.9775,6.5918,680
F,25,3.9806,6.5867,683
F,42,3.9833,6.5821,685
F,55,3.9861,6.5775,686
F,26,3.9875,6.5752,687
F,38,3.9878,6.5748,688
F,24,3.9881,6.5743,689
F,34,3.9886,6.5734,691
F,32,3.9928,6.5665,695
F,60,3.9958,6.5615,696
F,38,3.9972,6.5592,699
F,51,4.0047,6.547,703
F,29,4.0061,6.5447,704
F,35,4.0131,6.5334,708
F,33,4.0136,6.5325,709
F,55,4.0175,6.5261,712
F,50,4.0267,6.5113,720
F,43,4.0331,6.501,724
F,27,4.0333,6.5005,725
F,43,4.0336,6.5001,726
F,30,4.0364,6.4956,729
F,50,4.0392,6.4911,731
F,48,4.0411,6.488,732
F,32,4.0444,6.4827,733
F,38,4.0475,6.4778,734
F,49,4.0483,6.4764,735
F,43,4.0494,6.4747,737
F,40,4.0519,6.4707,739
F,30,4.0528,6.4693,740
F,28,4.0533,6.4684,744
F,38,4.0558,6.4645,747
F,55,4.0572,6.4622,748
F,32,4.0586,6.46,749
F,27,4.0619,6.4547,750
F,61,4.0678,6.4455,756
F,51,4.0681,6.445,757
F,24,4.0692,6.4433,758
F,55,4.0717,6.4393,759
F,34,4.0781,6.4292,762
F,33,4.0814,6.424,763
F,52,4.0814,6.424,764
F,45,4.0817,6.4235,765
F,40,4.0844,6.4192,766
F,37,4.0917,6.4078,767
F,24,4.0933,6.4052,770
F,45,4.1006,6.394,773
F,52,4.1006,6.394,774
F,43,4.1017,6.3922,776
F,41,4.1069,6.384,780
F,51,4.1086,6.3814,782
F,56,4.1106,6.3784,784
F,50,4.1125,6.3754,785
F,32,4.1153,6.3711,788
F,48,4.1169,6.3685,790
F,33,4.12,6.3638,792
F,38,4.1211,6.3621,793
F,30,4.1225,6.3599,794
F,60,4.1228,6.3595,796
F,50,4.1233,6.3586,797
F,35,4.1297,6.3488,798
F,27,4.1314,6.3462,799
F,39,4.1317,6.3458,800
F,53,4.1339,6.3424,802
F,24,4.1342,6.342,803
F,39,4.1358,6.3394,804
F,32,4.1442,6.3267,810
F,31,4.1447,6.3258,811
F,37,4.1464,6.3233,814
F,58,4.1472,6.322,815
F,29,4.1525,6.314,819
F,48,4.1564,6.3081,821
F,55,4.1575,6.3064,823
F,34,4.1583,6.3051,825
F,56,4.1617,6.3001,827
F,29,4.1628,6.2984,829
F,60,4.1681,6.2904,830
F,22,4.1714,6.2854,831
F,49,4.1775,6.2762,835
F,25,4.1839,6.2666,837
F,40,4.1844,6.2658,839
F,38,4.1853,6.2645,841
F,37,4.1861,6.2633,843
F,32,4.1875,6.2612,844
F,43,4.1881,6.2604,845
F,39,4.1933,6.2525,847
F,44,4.1967,6.2475,849
F,42,4.1978,6.2459,850
F,41,4.1989,6.2442,851
F,24,4.2003,6.2421,853
F,23,4.2008,6.2413,854
F,38,4.2008,6.2413,855
F,36,4.2019,6.2397,856
F,49,4.2028,6.2384,857
F,46,4.2033,6.2376,858
F,34,4.2033,6.2376,859
F,33,4.2044,6.236,860
F,34,4.2056,6.2343,861
F,42,4.2069,6.2323,862
F,25,4.2086,6.2298,864
F,48,4.2089,6.2294,866
F,42,4.2119,6.2249,868
F,53,4.2133,6.2228,869
F,50,4.2147,6.2208,871
F,31,4.2161,6.2187,873
F,30,4.2206,6.2122,874
F,37,4.2261,6.204,878
F,34,4.2281,6.2011,879
F,50,4.2314,6.1963,881
F,45,4.2325,6.1946,882
F,39,4.2367,6.1885,884
F,44,4.24,6.1837,886
F,24,4.2411,6.182,887
F,35,4.2428,6.1796,888
F,41,4.2433,6.1788,890
F,44,4.2464,6.1744,893
F,34,4.2469,6.1736,894
F,53,4.2475,6.1727,895
F,41,4.2492,6.1703,896
F,45,4.255,6.1619,897
F,26,4.2564,6.1599,900
F,38,4.2583,6.157,901
F,43,4.2597,6.155,902
F,40,4.2642,6.1486,904
F,50,4.2669,6.1446,906
F,24,4.27,6.1402,910
F,34,4.2706,6.1394,911
F,48,4.2728,6.1362,913
F,22,4.2742,6.1342,914
F,27,4.2769,6.1303,916
F,28,4.2819,6.1231,919
F,28,4.2933,6.1069,924
F,50,4.295,6.1045,925
F,56,4.2997,6.0978,926
F,35,4.3003,6.097,927
F,32,4.3011,6.0958,928
F,56,4.3014,6.0954,929
F,27,4.3019,6.0946,930
F,60,4.3028,6.0934,931
F,45,4.3058,6.0891,933
F,46,4.3094,6.084,934
F,27,4.3106,6.0825,935
F,42,4.3106,6.0825,936
F,38,4.3128,6.0793,938
F,29,4.3139,6.0778,940
F,27,4.3139,6.0778,941
F,30,4.3144,6.077,944
F,31,4.3156,6.0754,945
F,38,4.3161,6.0746,947
F,30,4.3167,6.0738,950
F,41,4.3183,6.0715,951
F,34,4.3222,6.066,952
F,27,4.325,6.0621,954
F,48,4.3256,6.0614,955
F,35,4.3278,6.0582,958
F,49,4.3331,6.0509,961
F,26,4.3339,6.0497,962
F,46,4.3342,6.0493,963
F,34,4.3394,6.042,964
F,40,4.3397,6.0416,965
F,29,4.345,6.0342,968
F,30,4.3489,6.0288,972
F,47,4.3494,6.0281,973
F,50,4.3506,6.0265,974
F,56,4.3542,6.0215,975
F,45,4.3581,6.0162,977
F,27,4.3606,6.0127,980
F,37,4.3639,6.0081,981
F,19,4.3647,6.007,983
F,32,4.3686,6.0016,985
F,27,4.3714,5.9978,989
F,24,4.3717,5.9974,990
F,39,4.3717,5.9974,991
F,47,4.3719,5.997,992
F,41,4.3719,5.997,993
F,48,4.3725,5.9963,994
F,39,4.3725,5.9963,995
F,52,4.3733,5.9951,996
F,53,4.3756,5.9921,999
F,52,4.3817,5.9837,1001
F,34,4.3856,5.9784,1002
F,24,4.3858,5.9781,1003
F,38,4.3878,5.9754,1004
F,49,4.3892,5.9735,1006
F,36,4.3919,5.9697,1009
F,42,4.3944,5.9663,1010
F,34,4.3958,5.9645,1011
F,45,4.3964,5.9637,1012
F,41,4.3972,5.9626,1014
F,48,4.4014,5.9569,1016
F,33,4.4081,5.9479,1021
F,42,4.4094,5.946,1022
F,47,4.4117,5.943,1023
F,49,4.4117,5.943,1024
F,23,4.4178,5.9348,1026
F,33,4.4181,5.9345,1027
F,40,4.4219,5.9292,1030
F,29,4.4222,5.9289,1031
F,41,4.4247,5.9255,1034
F,52,4.4253,5.9248,1035
F,50,4.4292,5.9196,1036
F,45,4.4297,5.9188,1037
F,32,4.4303,5.9181,1038
F,22,4.4367,5.9096,1040
F,31,4.4372,5.9088,1042
F,33,4.4414,5.9033,1045
F,35,4.4469,5.8959,1048
F,46,4.4481,5.8944,1051
F,48,4.4517,5.8896,1052
F,30,4.4531,5.8878,1053
F,29,4.4533,5.8874,1054
F,33,4.4542,5.8863,1055
F,46,4.4625,5.8754,1059
F,37,4.4661,5.8706,1063
F,33,4.4667,5.8699,1064
F,34,4.4672,5.8691,1065
F,30,4.4769,5.8564,1069
F,44,4.4775,5.8557,1071
F,49,4.4778,5.8553,1072
F,51,4.4792,5.8535,1073
F,31,4.4797,5.8528,1074
F,34,4.4825,5.8491,1078
F,60,4.4864,5.8441,1082
F,54,4.4892,5.8404,1083
F,38,4.4894,5.8401,1084
F,48,4.4894,5.8401,1085
F,37,4.4917,5.8372,1087
F,27,4.4944,5.8336,1088
F,47,4.4961,5.8314,1091
F,49,4.4992,5.8275,1095
F,39,4.5003,5.826,1096
F,39,4.5006,5.8257,1097
F,35,4.5008,5.8253,1098
F,29,4.5033,5.8221,1099
F,46,4.5044,5.8206,1100
F,32,4.5047,5.8203,1101
F,18,4.5086,5.8153,1103
F,48,4.5086,5.8153,1104
F,43,4.51,5.8135,1105
F,40,4.5108,5.8124,1106
F,43,4.5111,5.812,1108
F,36,4.5111,5.812,1109
F,39,4.5114,5.8117,1111
F,60,4.5119,5.811,1112
F,45,4.5214,5.7988,1119
F,59,4.5272,5.7914,1120
F,23,4.53,5.7878,1123
F,25,4.5317,5.7857,1124
F,56,4.5339,5.7828,1126
F,52,4.5358,5.7804,1127
F,18,4.5364,5.7797,1128
F,53,4.5364,5.7797,1129
F,33,4.5467,5.7666,1132
F,38,4.5497,5.7627,1137
F,46,4.5553,5.7557,1140
F,23,4.5569,5.7536,1142
F,62,4.5572,5.7532,1143
F,30,4.5586,5.7515,1144
F,46,4.5586,5.7515,1145
F,41,4.5614,5.748,1146
F,52,4.5644,5.7441,1147
F,40,4.5669,5.741,1149
F,53,4.5681,5.7396,1150
F,31,4.5681,5.7396,1151
F,33,4.5692,5.7382,1152
F,66,4.5694,5.7378,1153
F,44,4.5697,5.7375,1154
F,51,4.5722,5.7344,1155
F,42,4.575,5.7309,1157
F,53,4.5756,5.7302,1158
F,41,4.58,5.7246,1161
F,49,4.5808,5.7236,1163
F,48,4.5831,5.7208,1164
F,44,4.59,5.7121,1165
F,51,4.5906,5.7115,1166
F,61,4.5908,5.7111,1167
F,23,4.5925,5.709,1168
F,34,4.5956,5.7052,1171
F,50,4.6017,5.6977,1173
F,45,4.6128,5.6839,1177
F,38,4.6178,5.6778,1179
F,29,4.6186,5.6768,1180
F,33,4.6186,5.6768,1181
F,42,4.6211,5.6737,1182
F,42,4.6219,5.6727,1183
F,36,4.6244,5.6696,1184
F,42,4.6244,5.6696,1185
F,39,4.6261,5.6676,1186
F,52,4.6289,5.6642,1188
F,50,4.6292,5.6638,1189
F,56,4.6386,5.6523,1193
F,41,4.6394,5.6513,1195
F,64,4.6419,5.6482,1198
F,34,4.6436,5.6462,1199
F,56,4.6478,5.6411,1202
F,27,4.6486,5.6401,1203
F,62,4.6489,5.6398,1204
F,35,4.6497,5.6388,1207
F,32,4.6517,5.6364,1208
F,25,4.66,5.6263,1211
F,23,4.6628,5.623,1214
F,52,4.6644,5.621,1216
F,45,4.6644,5.621,1217
F,31,4.6661,5.619,1218
F,46,4.6661,5.619,1219
F,25,4.6667,5.6183,1220
F,45,4.6689,5.6156,1221
F,48,4.6708,5.6133,1223
F,40,4.6714,5.6126,1224
F,57,4.6744,5.609,1226
F,26,4.6744,5.609,1227
F,25,4.6747,5.6086,1228
F,55,4.68,5.6023,1230
F,44,4.6808,5.6013,1232
F,45,4.6839,5.5976,1234
F,55,4.6861,5.595,1235
F,39,4.6889,5.5917,1238
F,51,4.6903,5.59,1239
F,35,4.6925,5.5874,1241
F,34,4.6928,5.587,1243
F,22,4.6947,5.5847,1244
F,39,4.6992,5.5794,1248
F,50,4.7,5.5785,1249
F,24,4.7019,5.5762,1250
F,51,4.7053,5.5722,1252
F,37,4.7061,5.5712,1253
F,58,4.7075,5.5696,1254
F,36,4.7092,5.5676,1256
F,56,4.7094,5.5673,1258
F,53,4.7097,5.5669,1259
F,38,4.7125,5.5637,1262
F,30,4.7131,5.563,1264
F,53,4.7144,5.5614,1267
F,27,4.7158,5.5597,1268
F,32,4.7161,5.5594,1269
F,23,4.7169,5.5584,1270
F,58,4.72,5.5548,1272
F,32,4.7283,5.545,1278
F,35,4.7306,5.5424,1279
F,30,4.7325,5.5401,1281
F,44,4.7347,5.5375,1283
F,29,4.7378,5.534,1285
F,24,4.7419,5.5291,1289
F,47,4.7439,5.5268,1290
F,38,4.7453,5.5252,1291
F,44,4.7461,5.5243,1292
F,55,4.7467,5.5236,1293
F,38,4.7542,5.5149,1296
F,64,4.7586,5.5097,1300
F,43,4.76,5.5081,1302
F,50,4.7606,5.5075,1303
F,54,4.7669,5.5001,1306
F,30,4.7672,5.4998,1307
F,42,4.7692,5.4976,1309
F,38,4.7739,5.4921,1313
F,48,4.7744,5.4915,1314
F,23,4.7789,5.4864,1317
F,34,4.7853,5.479,1320
F,27,4.7853,5.479,1321
F,49,4.7869,5.4771,1323
F,40,4.7875,5.4765,1324
F,35,4.7878,5.4762,1325
F,40,4.7897,5.474,1327
F,34,4.7917,5.4717,1328
F,30,4.7919,5.4714,1329
F,32,4.7936,5.4695,1331
F,28,4.795,5.4679,1334
F,29,4.7972,5.4654,1336
F,51,4.7989,5.4635,1337
F,32,4.8011,5.461,1338
F,40,4.8061,5.4553,1342
F,35,4.8061,5.4553,1344
F,29,4.8092,5.4518,1347
F,51,4.8111,5.4496,1351
F,26,4.8111,5.4496,1352
F,27,4.8117,5.449,1353
F,34,4.8136,5.4468,1354
F,66,4.8172,5.4427,1356
F,55,4.8208,5.4386,1357
F,37,4.8239,5.4352,1358
F,37,4.8242,5.4349,1359
F,45,4.8314,5.4268,1364
F,32,4.8397,5.4174,1368
F,22,4.8419,5.4149,1372
F,28,4.8425,5.4143,1376
F,33,4.8436,5.4131,1377
F,44,4.8458,5.4106,1379
F,50,4.8461,5.4103,1380
F,35,4.8464,5.41,1381
F,60,4.8492,5.4069,1384
F,29,4.8494,5.4065,1385
F,51,4.8494,5.4065,1386
F,35,4.8497,5.4062,1387
F,23,4.8503,5.4056,1389
F,52,4.8519,5.4038,1390
F,35,4.8531,5.4025,1391
F,40,4.8647,5.3896,1398
F,36,4.865,5.3893,1399
F,35,4.8658,5.3883,1400
F,36,4.8658,5.3883,1401
F,46,4.8717,5.3819,1402
F,48,4.8717,5.3819,1403
F,45,4.8778,5.3751,1407
F,28,4.8806,5.3721,1408
F,29,4.8808,5.3718,1410
F,42,4.8853,5.3669,1412
F,26,4.8853,5.3669,1413
F,21,4.8939,5.3574,1416
F,35,4.8942,5.3571,1418
F,29,4.8956,5.3556,1420
F,26,4.8975,5.3535,1423
F,48,4.9006,5.3502,1424
F,27,4.9022,5.3483,1426
F,28,4.9025,5.348,1427
F,48,4.905,5.3453,1428
F,41,4.9053,5.345,1429
F,51,4.9058,5.3444,1430
F,39,4.9097,5.3402,1431
F,61,4.9122,5.3375,1432
F,34,4.9122,5.3375,1433
F,36,4.9122,5.3375,1434
F,31,4.9169,5.3323,1436
F,42,4.9186,5.3305,1437
F,38,4.9239,5.3248,1439
F,44,4.9375,5.3101,1444
F,29,4.9447,5.3024,1447
F,44,4.9497,5.297,1449
F,29,4.9503,5.2964,1450
F,44,4.9533,5.2932,1451
F,30,4.9553,5.2911,1454
F,38,4.9642,5.2816,1457
F,46,4.9664,5.2792,1458
F,25,4.9669,5.2786,1460
F,45,4.9689,5.2766,1461
F,57,4.9692,5.2763,1462
F,57,4.97,5.2754,1463
F,41,4.9769,5.268,1467
F,40,4.9775,5.2675,1468
F,35,4.9775,5.2675,1469
F,43,4.9778,5.2672,1470
F,35,4.9806,5.2642,1471
F,35,4.9819,5.2628,1474
F,24,4.9833,5.2613,1475
F,47,4.9836,5.261,1476
F,47,4.9867,5.2578,1481
F,28,4.9881,5.2563,1482
F,29,4.9942,5.2499,1488
F,34,4.9944,5.2496,1489
F,33,5.0003,5.2435,1494
F,28,5.0022,5.2414,1495
F,33,5.0025,5.2411,1496
F,45,5.0033,5.2403,1497
F,59,5.0044,5.2391,1498
F,52,5.0047,5.2388,1499
F,54,5.0075,5.2359,1501
F,38,5.0078,5.2356,1502
F,25,5.0117,5.2315,1503
F,30,5.0211,5.2217,1506
F,37,5.0244,5.2182,1507
F,47,5.025,5.2177,1508
F,30,5.0258,5.2168,1510
F,31,5.0258,5.2168,1511
F,47,5.0261,5.2165,1512
F,48,5.0369,5.2053,1515
F,37,5.0411,5.201,1517
F,61,5.0433,5.1987,1520
F,58,5.0542,5.1876,1522
F,34,5.0556,5.1861,1523
F,36,5.0561,5.1856,1524
F,48,5.0575,5.1841,1525
F,31,5.0578,5.1838,1526
F,44,5.0583,5.1833,1528
F,38,5.0636,5.1779,1529
F,31,5.0647,5.1767,1530
F,52,5.065,5.1765,1531
F,36,5.0664,5.175,1532
F,28,5.0697,5.1716,1533
F,31,5.0767,5.1646,1538
F,33,5.0825,5.1586,1539
F,23,5.0836,5.1575,1540
F,40,5.0928,5.1482,1543
F,48,5.0953,5.1457,1544
F,57,5.0972,5.1437,1545
F,45,5.1078,5.1331,1546
F,39,5.1106,5.1303,1548
F,42,5.1169,5.1239,1550
F,38,5.1244,5.1164,1552
F,54,5.1375,5.1034,1556
F,53,5.1444,5.0965,1558
F,29,5.1483,5.0927,1561
F,40,5.1542,5.0869,1562
F,30,5.1581,5.0831,1564
F,36,5.1736,5.0678,1567
F,58,5.1753,5.0662,1568
F,61,5.1781,5.0634,1569
F,25,5.1786,5.0629,1571
F,34,5.1811,5.0604,1572
F,45,5.1811,5.0604,1573
F,46,5.1811,5.0604,1574
F,26,5.1822,5.0594,1575
F,31,5.1931,5.0488,1578
F,31,5.1944,5.0475,1579
F,37,5.1975,5.0445,1580
F,30,5.2025,5.0396,1581
F,32,5.2053,5.037,1582
F,47,5.2078,5.0345,1583
F,25,5.2119,5.0305,1584
F,46,5.2161,5.0265,1587
F,29,5.2211,5.0217,1590
F,23,5.2247,5.0182,1591
F,23,5.225,5.0179,1592
F,26,5.2264,5.0166,1593
F,33,5.2325,5.0108,1595
F,59,5.2381,5.0054,1599
F,37,5.2403,5.0033,1600
F,40,5.2411,5.0025,1601
F,23,5.2414,5.0023,1602
F,36,5.245,4.9988,1603
F,31,5.2522,4.9919,1606
F,56,5.2544,4.9898,1607
F,64,5.2544,4.9898,1608
F,52,5.2564,4.988,1609
F,37,5.2611,4.9835,1612
F,28,5.2628,4.9819,1613
F,47,5.2656,4.9793,1614
F,47,5.2658,4.979,1615
F,23,5.2669,4.978,1616
F,29,5.2683,4.9767,1618
F,23,5.28,4.9657,1620
F,67,5.29,4.9563,1622
F,34,5.2919,4.9545,1623
F,61,5.2925,4.9539,1624
F,22,5.2983,4.9485,1627
F,32,5.3092,4.9384,1629
F,42,5.3117,4.9361,1630
F,38,5.3175,4.9307,1632
F,37,5.32,4.9283,1633
F,36,5.3233,4.9253,1634
F,66,5.3233,4.9253,1635
F,39,5.3233,4.9253,1636
F,43,5.325,4.9237,1639
F,39,5.3272,4.9217,1640
F,35,5.3408,4.9091,1643
F,64,5.3419,4.9081,1644
F,34,5.3425,4.9076,1646
F,47,5.3431,4.9071,1647
F,43,5.3431,4.9071,1648
F,29,5.3433,4.9068,1649
F,29,5.3433,4.9068,1650
F,49,5.3583,4.8931,1652
F,32,5.3739,4.8789,1656
F,45,5.3811,4.8724,1658
F,33,5.3856,4.8683,1660
F,27,5.3858,4.8681,1661
F,42,5.3878,4.8663,1663
F,40,5.3886,4.8656,1664
F,50,5.3917,4.8628,1665
F,59,5.4003,4.8551,1667
F,48,5.4011,4.8543,1668
F,42,5.415,4.8419,1671
F,48,5.42,4.8374,1673
F,25,5.4203,4.8372,1674
F,39,5.425,4.8329,1676
F,35,5.4283,4.83,1677
F,30,5.4311,4.8275,1679
F,52,5.4328,4.826,1680
F,24,5.4358,4.8233,1681
F,31,5.4358,4.8233,1682
F,47,5.4386,4.8209,1684
F,56,5.44,4.8196,1685
F,31,5.4428,4.8172,1686
F,43,5.4444,4.8157,1688
F,29,5.4458,4.8145,1690
F,27,5.4575,4.8042,1694
F,28,5.4589,4.8029,1695
F,28,5.4694,4.7937,1696
F,51,5.4708,4.7925,1698
F,35,5.4722,4.7912,1699
F,52,5.4803,4.7842,1702
F,48,5.4825,4.7823,1704
F,32,5.4842,4.7808,1706
F,43,5.4881,4.7774,1709
F,53,5.4906,4.7752,1711
F,42,5.4908,4.775,1712
F,56,5.4914,4.7745,1713
F,53,5.4933,4.7728,1715
F,39,5.4939,4.7723,1716
F,41,5.5108,4.7577,1720
F,42,5.5133,4.7555,1721
F,49,5.5236,4.7467,1723
F,37,5.5258,4.7448,1724
F,45,5.5333,4.7383,1726
F,58,5.5406,4.7322,1727
F,36,5.5419,4.731,1729
F,23,5.5419,4.731,1730
F,40,5.5442,4.7291,1731
F,40,5.5444,4.7288,1733
F,49,5.5494,4.7246,1735
F,48,5.5578,4.7175,1737
F,31,5.5606,4.7151,1738
F,36,5.5622,4.7137,1739
F,58,5.5661,4.7104,1740
F,48,5.5694,4.7076,1741
F,29,5.575,4.7029,1743
F,53,5.5764,4.7017,1744
F,48,5.5767,4.7015,1745
F,54,5.5789,4.6996,1746
F,36,5.5803,4.6985,1747
F,23,5.5908,4.6896,1748
F,23,5.5911,4.6894,1749
F,42,5.6,4.6819,1751
F,43,5.6014,4.6808,1753
F,19,5.605,4.6777,1755
F,32,5.6056,4.6773,1756
F,37,5.6072,4.6759,1757
F,50,5.6108,4.6729,1758
F,46,5.6183,4.6666,1759
F,33,5.6219,4.6636,1760
F,52,5.6253,4.6609,1763
F,33,5.6286,4.6581,1764
F,31,5.6297,4.6572,1766
F,55,5.6344,4.6533,1768
F,23,5.6411,4.6478,1770
F,36,5.6428,4.6464,1771
F,29,5.6642,4.6289,1775
F,24,5.6642,4.6289,1776
F,47,5.665,4.6282,1778
F,36,5.6667,4.6268,1779
F,59,5.6692,4.6248,1780
F,39,5.6761,4.6191,1782
F,45,5.6792,4.6167,1783
F,52,5.6825,4.6139,1785
F,55,5.6836,4.613,1786
F,47,5.6836,4.613,1787
F,48,5.7031,4.5973,1792
F,51,5.7183,4.585,1794
F,55,5.72,4.5837,1796
F,45,5.7247,4.5799,1797
F,45,5.7247,4.5799,1798
F,43,5.7364,4.5706,1800
F,25,5.7403,4.5675,1803
F,48,5.7411,4.5668,1805
F,29,5.7531,4.5574,1809
F,45,5.7575,4.5538,1810
F,39,5.7603,4.5516,1811
F,41,5.7622,4.5501,1814
F,36,5.7678,4.5457,1816
F,32,5.7711,4.5431,1817
F,53,5.7767,4.5387,1820
F,45,5.7875,4.5302,1821
F,27,5.7947,4.5246,1824
F,58,5.7953,4.5242,1825
F,27,5.8106,4.5123,1830
F,57,5.8261,4.5002,1833
F,56,5.8308,4.4966,1835
F,49,5.8467,4.4844,1840
F,49,5.8683,4.4678,1844
F,25,5.8844,4.4556,1845
F,28,5.8875,4.4533,1846
F,33,5.8878,4.4531,1847
F,29,5.89,4.4514,1848
F,45,5.8917,4.4501,1849
F,36,5.8969,4.4462,1851
F,34,5.8994,4.4443,1852
F,38,5.9161,4.4318,1855
F,56,5.9217,4.4276,1856
F,29,5.9242,4.4257,1858
F,41,5.9344,4.4181,1859
F,52,5.9367,4.4164,1860
F,33,5.9375,4.4158,1862
F,39,5.9425,4.4121,1863
F,55,5.9647,4.3956,1867
F,24,5.9811,4.3836,1869
F,30,5.9867,4.3795,1871
F,36,5.9875,4.3789,1872
F,51,5.9944,4.3738,1873
F,20,6.0069,4.3647,1874
F,44,6.0069,4.3647,1875
F,46,6.0122,4.3609,1877
F,21,6.0203,4.3551,1878
F,20,6.0361,4.3436,1880
F,52,6.0442,4.3379,1882
F,29,6.0497,4.3339,1883
F,62,6.0611,4.3257,1884
F,28,6.0792,4.3129,1886
M,28,2.385,10.99318658,1
M,32,2.395,10.94728601,2
M,30,2.5217,10.39738929,3
M,38,2.6794,9.785144101,4
M,45,2.6906,9.744734669,5
M,24,2.7367,9.580542022,6
M,34,2.7447,9.552423844,7
M,46,2.7992,9.366626972,9
M,23,2.8067,9.341597387,10
M,32,2.8186,9.302010446,11
M,37,2.8239,9.284625221,12
M,35,2.8314,9.260031394,13
M,59,2.8381,9.238279338,14
M,32,2.8856,9.086205237,16
M,37,2.8936,9.060910051,17
M,44,2.9,9.040948276,18
M,39,2.9067,9.020212156,20
M,24,2.9069,9.019350215,21
M,53,2.9097,9.010739857,22
M,30,2.9183,8.984151913,23
M,43,2.9203,8.978169885,24
M,35,2.925,8.963675214,25
M,32,2.9428,8.909524259,27
M,44,2.9472,8.896088596,28
M,29,2.9478,8.894411986,29
M,30,2.9483,8.892736009,30
M,24,2.9494,8.889385948,31
M,34,2.9525,8.880186283,32
M,47,2.9558,8.870171976,33
M,42,2.9575,8.865173288,34
M,33,2.9617,8.852701182,35
M,43,2.9628,8.849381211,36
M,36,2.9783,8.803161724,37
M,41,2.9803,8.797418212,38
M,27,2.9831,8.789226185,39
M,41,2.9892,8.771257318,40
M,26,2.9892,8.771257318,41
M,43,2.9942,8.756610075,42
M,47,2.9964,8.75011588,43
M,49,2.9986,8.743631311,44
M,56,3.0328,8.645127313,47
M,33,3.0339,8.641961179,48
M,45,3.0369,8.633266258,49
M,48,3.05,8.596311475,50
M,42,3.0536,8.586145729,52
M,52,3.0611,8.565108893,53
M,46,3.0678,8.546495835,54
M,43,3.0697,8.541082255,55
M,42,3.0756,8.524882587,56
M,26,3.0783,8.517190038,57
M,34,3.0789,8.515653194,58
M,27,3.1039,8.447064614,60
M,41,3.105,8.444041868,61
M,18,3.1058,8.441776228,62
M,33,3.1089,8.433479271,63
M,34,3.1106,8.428960529,64
M,38,3.1183,8.407936932,65
M,38,3.1219,8.398211585,66
M,29,3.1239,8.392984172,68
M,52,3.1267,8.385527719,69
M,32,3.1358,8.361015147,72
M,40,3.1372,8.357313618,73
M,38,3.1403,8.349181778,74
M,36,3.1406,8.348443304,75
M,49,3.1442,8.338855023,76
M,33,3.1444,8.338118375,77
M,39,3.1475,8.330023828,78
M,45,3.1486,8.327084252,79
M,45,3.1508,8.32121132,80
M,28,3.1536,8.313881793,82
M,37,3.1569,8.305103388,83
M,45,3.1572,8.30437269,84
M,49,3.1597,8.297802198,85
M,43,3.1647,8.284692355,86
M,25,3.1872,8.226207077,88
M,36,3.1883,8.223340303,89
M,30,3.1947,8.206895053,90
M,46,3.1981,8.198341006,91
M,52,3.1983,8.197628973,92
M,32,3.1994,8.19478208,93
M,58,3.2008,8.191226243,95
M,43,3.2025,8.18696331,96
M,41,3.2036,8.184123819,97
M,30,3.2072,8.174909059,99
M,22,3.2164,8.151610674,100
M,54,3.2264,8.126345243,104
M,41,3.2267,8.125645661,105
M,31,3.2272,8.124246858,106
M,41,3.2381,8.097066141,107
M,47,3.2425,8.085967618,109
M,48,3.2447,8.080429758,111
M,43,3.25,8.067307692,112
M,37,3.25,8.067307692,113
M,25,3.2503,8.066618238,114
M,34,3.2564,8.051479997,115
M,44,3.2564,8.051479997,116
M,32,3.2583,8.046675192,117
M,48,3.2608,8.040506006,118
M,44,3.2617,8.038451712,119
M,31,3.2619,8.03776718,120
M,33,3.2722,8.012521222,123
M,44,3.2744,8.007083475,124
M,30,3.2806,7.992167655,126
M,29,3.2856,7.980005073,127
M,48,3.2864,7.977981574,128
M,36,3.2878,7.974611355,129
M,60,3.2922,7.963845764,130
M,37,3.2961,7.954449688,135
M,26,3.2967,7.953109201,136
M,30,3.3022,7.939729139,139
M,53,3.3022,7.939729139,140
M,47,3.3042,7.935056747,141
M,35,3.3056,7.931722689,142
M,37,3.3067,7.92905746,143
M,35,3.3117,7.917086059,144
M,26,3.3125,7.91509434,145
M,50,3.3139,7.911777033,146
M,44,3.3167,7.905150754,147
M,41,3.3175,7.903165034,148
M,49,3.3194,7.898535565,150
M,39,3.3303,7.872841772,153
M,49,3.3319,7.86890371,154
M,56,3.3325,7.867591898,155
M,46,3.3336,7.864969586,156
M,33,3.3381,7.854497795,157
M,41,3.3439,7.840795813,158
M,57,3.3467,7.834287849,159
M,48,3.3467,7.834287849,160
M,43,3.3489,7.82908925,161
M,43,3.3503,7.825843628,162
M,46,3.3583,7.80707196,165
M,49,3.3594,7.80448983,166
M,35,3.3608,7.801264567,167
M,56,3.3614,7.799975209,168
M,50,3.3672,7.78646263,169
M,30,3.3675,7.785820341,170
M,51,3.3733,7.772356719,172
M,45,3.3736,7.771716756,173
M,43,3.3783,7.760853478,174
M,55,3.3794,7.758301825,175
M,41,3.3808,7.755114617,176
M,46,3.3819,7.752566735,177
M,31,3.3839,7.748111968,178
M,46,3.3886,7.737314534,179
M,51,3.3944,7.724018003,180
M,52,3.4,7.711397059,181
M,45,3.4031,7.704473104,182
M,47,3.4033,7.70384427,183
M,27,3.4044,7.701329961,184
M,44,3.4058,7.698189381,185
M,44,3.4067,7.696306262,186
M,29,3.4069,7.695678761,187
M,44,3.41,7.688782991,188
M,40,3.4119,7.684401205,189
M,48,3.4167,7.673780488,190
M,48,3.4167,7.673780488,191
M,33,3.4172,7.672532921,193
M,22,3.4194,7.66754671,194
M,46,3.4197,7.666923889,195
M,45,3.4206,7.665056034,196
M,50,3.4214,7.663189088,197
M,23,3.4236,7.65821501,199
M,44,3.4408,7.619883749,205
M,42,3.4439,7.613123084,206
M,38,3.4442,7.612509073,207
M,25,3.4453,7.610054019,208
M,51,3.4478,7.604535933,209
M,54,3.4506,7.598414104,210
M,45,3.4528,7.593523733,211
M,49,3.4528,7.593523733,212
M,47,3.4536,7.591691466,213
M,33,3.4558,7.586809742,214
M,39,3.4714,7.552812675,216
M,46,3.4731,7.549188195,217
M,52,3.4756,7.543757992,219
M,27,3.4758,7.543155119,220
M,55,3.4764,7.54194966,221
M,35,3.4833,7.526913876,223
M,59,3.4842,7.525113609,224
M,47,3.4842,7.525113609,225
M,54,3.4847,7.52391391,226
M,40,3.4867,7.519717973,228
M,55,3.4911,7.510144812,232
M,26,3.4944,7.502980922,233
M,38,3.495,7.501788269,234
M,51,3.4956,7.500595995,235
M,34,3.4975,7.496426019,236
M,38,3.4981,7.495235448,237
M,37,3.4992,7.492855442,238
M,50,3.5039,7.482757254,241
M,41,3.5072,7.475645493,244
M,40,3.5075,7.475053457,245
M,28,3.5083,7.47327791,246
M,53,3.5103,7.469138245,247
M,43,3.5186,7.451448646,249
M,48,3.5192,7.450272318,250
M,29,3.5206,7.447333123,252
M,36,3.5206,7.447333123,253
M,40,3.5231,7.442048411,256
M,57,3.5269,7.43384264,258
M,50,3.5272,7.433257206,259
M,41,3.5286,7.430331418,261
M,51,3.5292,7.429161747,263
M,44,3.5328,7.421567857,266
M,28,3.5356,7.415736958,267
M,40,3.5375,7.411660777,269
M,52,3.5392,7.408170473,270
M,52,3.5392,7.408170473,271
M,48,3.5461,7.393662854,273
M,46,3.5481,7.389610898,275
M,29,3.5539,7.377481632,278
M,59,3.5561,7.372871426,279
M,68,3.5592,7.366541793,284
M,41,3.5672,7.349906557,287
M,39,3.5683,7.347617936,288
M,38,3.5725,7.339048286,289
M,55,3.5733,7.337336754,290
M,40,3.5792,7.325378347,291
M,40,3.5797,7.324241484,292
M,39,3.5814,7.32083301,293
M,48,3.5819,7.319697557,294
M,29,3.5819,7.319697557,295
M,44,3.5825,7.318562456,296
M,37,3.5831,7.317427708,297
M,44,3.5858,7.311759238,298
M,58,3.5864,7.310626597,299
M,47,3.5883,7.306665118,300
M,53,3.5889,7.305534056,301
M,43,3.5911,7.301013304,304
M,28,3.5967,7.289735867,306
M,38,3.5994,7.284110202,307
M,34,3.6036,7.275687967,308
M,46,3.605,7.272884882,309
M,39,3.6081,7.266725691,310
M,45,3.6094,7.263929506,311
M,32,3.6108,7.261135472,312
M,47,3.6119,7.258901792,313
M,49,3.6133,7.256111624,314
M,33,3.6144,7.253881033,316
M,37,3.62,7.242748619,319
M,44,3.6231,7.236640343,322
M,33,3.6239,7.234976238,324
M,58,3.6267,7.229434743,328
M,59,3.6283,7.226113918,330
M,39,3.6386,7.205702725,333
M,44,3.6403,7.202403663,334
M,46,3.6422,7.198558572,335
M,21,3.6458,7.191428571,336
M,42,3.6458,7.191428571,337
M,61,3.6464,7.190332902,338
M,36,3.6481,7.187047895,339
M,43,3.6483,7.186500685,340
M,44,3.6486,7.185953559,341
M,40,3.6508,7.181579548,343
M,24,3.6511,7.181033171,344
M,55,3.6525,7.178302533,346
M,42,3.6525,7.178302533,347
M,44,3.6539,7.17557397,348
M,33,3.6542,7.175028506,349
M,58,3.6544,7.174483126,350
M,51,3.6556,7.172302432,351
M,29,3.6581,7.167400714,352
M,41,3.6589,7.165768296,353
M,38,3.6589,7.165768296,354
M,64,3.6597,7.164136622,356
M,43,3.6639,7.155989386,359
M,48,3.665,7.153819918,361
M,43,3.6658,7.15219368,364
M,33,3.6683,7.1473194,366
M,41,3.6692,7.145696116,368
M,57,3.67,7.144073569,369
M,31,3.6739,7.136511417,371
M,55,3.6744,7.135432416,373
M,30,3.6778,7.128965257,374
M,37,3.6783,7.127888536,375
M,45,3.6797,7.125198158,377
M,55,3.6803,7.124122575,378
M,33,3.6817,7.121435038,379
M,52,3.6825,7.119823489,382
M,49,3.6828,7.119286469,383
M,33,3.6836,7.117675892,386
M,43,3.6839,7.117139195,387
M,34,3.6867,7.111776673,388
M,34,3.6869,7.111240865,389
M,43,3.6869,7.111240865,390
M,59,3.6881,7.109098441,392
M,45,3.7036,7.079239481,397
M,58,3.7042,7.078177728,398
M,56,3.7042,7.078177728,399
M,24,3.7053,7.076055177,400
M,58,3.7081,7.070754364,404
M,61,3.71,7.067048518,405
M,41,3.71,7.067048518,406
M,47,3.7114,7.064403862,408
M,37,3.7114,7.064403862,409
M,24,3.715,7.057537012,411
M,39,3.7153,7.057009346,413
M,52,3.7156,7.056481758,414
M,38,3.7189,7.050156857,415
M,31,3.7192,7.049630294,416
M,41,3.7192,7.049630294,417
M,56,3.7197,7.048577403,418
M,46,3.7256,7.037541008,420
M,40,3.7272,7.034394097,421
M,27,3.7283,7.03229772,422
M,50,3.7292,7.030726257,423
M,45,3.7347,7.020267758,425
M,38,3.735,7.019745649,426
M,52,3.7361,7.017657993,427
M,42,3.7397,7.010881676,429
M,45,3.74,7.010360963,430
M,44,3.7406,7.009319768,431
M,49,3.7414,7.007758557,433
M,40,3.7475,6.996330887,436
M,24,3.7478,6.995812333,437
M,53,3.7481,6.995293856,438
M,33,3.7483,6.994775456,439
M,52,3.7494,6.992702623,441
M,34,3.7525,6.987008661,444
M,42,3.7589,6.975133018,447
M,37,3.76,6.973071809,448
M,33,3.7608,6.971526701,449
M,43,3.7622,6.968953042,451
M,33,3.7642,6.96535311,453
M,55,3.7667,6.960730088,458
M,48,3.7686,6.957138645,460
M,68,3.7694,6.95560059,461
M,24,3.7697,6.955088055,462
M,35,3.77,6.954575597,463
M,30,3.7711,6.952526517,464
M,52,3.7725,6.949966865,467
M,40,3.7747,6.94587534,468
M,47,3.7761,6.943320583,469
M,46,3.78,6.936177249,471
M,46,3.7808,6.934648446,472
M,59,3.7808,6.934648446,473
M,48,3.7853,6.926506201,476
M,45,3.7867,6.923965669,478
M,25,3.7875,6.922442244,479
M,33,3.7875,6.922442244,480
M,39,3.7908,6.916355243,481
M,44,3.7931,6.912303186,482
M,41,3.7956,6.907750293,484
M,23,3.7978,6.903708309,486
M,42,3.7981,6.903203394,487
M,62,3.8,6.899671053,489
M,52,3.8008,6.898158299,490
M,24,3.8033,6.893624014,493
M,37,3.8039,6.892617205,494
M,25,3.8044,6.891610689,495
M,46,3.8061,6.888592906,497
M,51,3.8089,6.883569137,499
M,41,3.8133,6.875546329,501
M,45,3.8161,6.870541564,503
M,33,3.8161,6.870541564,504
M,48,3.82,6.86354712,510
M,47,3.8211,6.861551323,511
M,62,3.8225,6.859058208,512
M,39,3.8231,6.858061469,513
M,48,3.8233,6.857563208,514
M,50,3.8258,6.853082117,516
M,35,3.8264,6.852087114,517
M,61,3.8267,6.851589721,518
M,40,3.8281,6.849103839,519
M,36,3.8286,6.848109991,520
M,47,3.8286,6.848109991,521
M,49,3.83,6.845626632,522
M,39,3.8336,6.83917832,524
M,39,3.8347,6.837196668,528
M,58,3.8372,6.832742146,530
M,50,3.8397,6.828293424,531
M,41,3.8417,6.82483731,532
M,50,3.8439,6.820891747,536
M,53,3.8456,6.817935568,538
M,46,3.8464,6.816458439,539
M,48,3.8464,6.816458439,540
M,28,3.8489,6.812030889,541
M,47,3.8492,6.811539294,542
M,61,3.8503,6.809573624,543
M,46,3.8503,6.809573624,544
M,30,3.8519,6.806627245,545
M,54,3.8522,6.806136429,546
M,47,3.8542,6.802702703,548
M,35,3.8556,6.800252161,549
M,42,3.8586,6.79486718,550
M,52,3.8606,6.791444812,553
M,45,3.8611,6.790467626,554
M,27,3.8619,6.789002374,556
M,57,3.8631,6.787049687,557
M,38,3.8644,6.784610408,558
M,56,3.8672,6.779737107,561
M,62,3.8747,6.766614094,564
M,66,3.8753,6.76564404,565
M,40,3.8783,6.760313709,571
M,39,3.8786,6.75982955,573
M,50,3.8789,6.75934546,574
M,41,3.8811,6.755475236,577
M,40,3.8828,6.752575476,578
M,28,3.8833,6.751609442,579
M,48,3.8844,6.749678204,580
M,55,3.885,6.748712999,581
M,45,3.8856,6.74774807,582
M,59,3.8892,6.741482751,585
M,36,3.8894,6.741001286,586
M,56,3.8947,6.731866486,588
M,57,3.8964,6.728986954,590
M,41,3.8981,6.726109884,591
M,39,3.8986,6.725151407,593
M,41,3.8989,6.724672271,595
M,56,3.9017,6.719884665,598
M,50,3.9025,6.718449712,600
M,42,3.9064,6.71176136,602
M,41,3.9108,6.704133816,603
M,43,3.9144,6.697949191,610
M,37,3.9172,6.693199546,611
M,49,3.9178,6.692250425,614
M,45,3.9178,6.692250425,615
M,49,3.9183,6.691301574,616
M,50,3.9183,6.691301574,617
M,30,3.9186,6.690827249,619
M,60,3.9206,6.687508856,621
M,46,3.9217,6.68561411,624
M,36,3.9222,6.684667139,626
M,53,3.9253,6.679463591,629
M,38,3.9272,6.676156458,630
M,54,3.9283,6.674268137,634
M,52,3.9286,6.673796224,635
M,46,3.9297,6.671909239,637
M,56,3.9303,6.670966146,638
M,43,3.9322,6.66766742,639
M,21,3.9369,6.659669795,641
M,50,3.9369,6.659669795,642
M,27,3.9408,6.653097907,646
M,34,3.9414,6.652160124,647
M,46,3.9417,6.651691332,648
M,40,3.9425,6.650285352,649
M,35,3.9456,6.645135173,652
M,35,3.9467,6.643264358,653
M,32,3.9503,6.637191477,655
M,43,3.9528,6.632993675,657
M,54,3.9533,6.632061551,658
M,46,3.9542,6.630663857,660
M,43,3.9553,6.62880118,662
M,67,3.9572,6.625544012,664
M,48,3.9589,6.622754701,665
M,41,3.9633,6.615328007,667
M,31,3.9647,6.613010579,668
M,26,3.9656,6.611620902,669
M,60,3.9675,6.608380592,671
M,54,3.9683,6.60699286,672
M,29,3.9683,6.60699286,673
M,30,3.9686,6.606530412,675
M,45,3.9692,6.605605711,676
M,45,3.97,6.604219144,677
M,42,3.9728,6.599601454,678
M,40,3.9775,6.591766185,679
M,51,3.9778,6.591305866,681
M,31,3.9797,6.588085433,682
M,49,3.9822,6.583949498,684
M,44,3.9883,6.573861262,690
M,52,3.9892,6.572487988,692
M,57,3.9897,6.571572791,693
M,35,3.9903,6.570657849,694
M,41,3.9961,6.561066314,697
M,42,3.9967,6.560154295,698
M,48,3.9981,6.557875356,700
M,57,4.0008,6.553322225,701
M,68,4.0033,6.549229808,702
M,36,4.0094,6.53924761,705
M,33,4.0103,6.537888758,706
M,39,4.0125,6.534267913,707
M,36,4.0153,6.529747492,710
M,57,4.0167,6.527489627,711
M,51,4.0181,6.525233322,713
M,35,4.0186,6.524331237,714
M,36,4.0189,6.523880288,715
M,42,4.02,6.522077114,716
M,45,4.02,6.522077114,717
M,35,4.0217,6.519374223,718
M,56,4.0239,6.515773851,719
M,57,4.0278,6.509482759,721
M,52,4.0308,6.504548274,722
M,45,4.0317,6.503203803,723
M,47,4.0336,6.500068866,727
M,40,4.0361,6.49604267,728
M,26,4.0372,6.494254851,730
M,64,4.0486,6.475986278,736
M,54,4.05,6.473765432,738
M,37,4.0528,6.469328307,741
M,39,4.0531,6.468884929,742
M,46,4.0531,6.468884929,743
M,31,4.0547,6.466225937,745
M,59,4.0558,6.464454489,746
M,34,4.0636,6.452081482,751
M,59,4.0644,6.450758611,752
M,59,4.0647,6.450317775,753
M,42,4.065,6.449876999,754
M,27,4.0672,6.446352957,755
M,58,4.0778,6.429666213,760
M,33,4.0778,6.429666213,761
M,36,4.0922,6.406971219,768
M,65,4.0925,6.406536347,769
M,43,4.095,6.402625153,771
M,34,4.1,6.394817073,772
M,41,4.1011,6.39308453,775
M,40,4.1031,6.390054837,777
M,46,4.1047,6.387460242,778
M,43,4.1069,6.384004058,779
M,39,4.1072,6.383572298,781
M,30,4.1089,6.380982964,783
M,51,4.1125,6.375379939,786
M,45,4.1131,6.374518809,787
M,50,4.1156,6.370646598,789
M,30,4.1183,6.366349656,791
M,49,4.1228,6.359486592,795
M,23,4.1319,6.345378151,801
M,41,4.1372,6.33728347,805
M,26,4.1386,6.335156722,806
M,55,4.1406,6.332181672,807
M,49,4.1433,6.327936444,808
M,39,4.1436,6.327512234,809
M,42,4.1453,6.32496817,812
M,66,4.1464,6.323273263,813
M,56,4.1483,6.320309361,816
M,46,4.1497,6.318193989,817
M,43,4.1511,6.316080032,818
M,31,4.1539,6.31185636,820
M,56,4.1569,6.307216839,822
M,28,4.1575,6.306374023,824
M,47,4.1608,6.301321851,826
M,44,4.1628,6.298378487,828
M,49,4.1717,6.28495805,832
M,32,4.1747,6.280357975,833
M,35,4.1761,6.278269256,834
M,43,4.1811,6.270761361,836
M,26,4.1842,6.266182035,838
M,43,4.1847,6.265350149,840
M,24,4.1858,6.26368704,842
M,28,4.1906,6.256628662,846
M,48,4.1942,6.251241804,848
M,47,4.2,6.242559524,852
M,39,4.2072,6.231843391,863
M,50,4.2089,6.22937566,865
M,50,4.2108,6.226499109,867
M,54,4.2142,6.221574056,870
M,60,4.215,6.220344009,872
M,42,4.2208,6.211747285,875
M,58,4.2244,6.206437401,876
M,69,4.2253,6.205213332,877
M,55,4.2308,6.197065196,880
M,30,4.2364,6.18893843,883
M,55,4.2369,6.188126926,885
M,57,4.2428,6.17961896,889
M,56,4.2439,6.178001047,891
M,39,4.2461,6.174767761,892
M,34,4.2556,6.161063969,898
M,41,4.2558,6.160661837,899
M,25,4.2631,6.1502248,903
M,33,4.2667,6.145019531,905
M,55,4.2672,6.144219503,907
M,55,4.2675,6.143819566,908
M,35,4.2694,6.14102147,909
M,43,4.2719,6.137427661,912
M,47,4.2747,6.13343947,915
M,54,4.2781,6.128660477,917
M,35,4.28,6.125876168,918
M,27,4.2825,6.122300058,920
M,24,4.2836,6.120712016,921
M,26,4.2889,6.113180052,922
M,48,4.2917,6.109223301,923
M,27,4.3036,6.092267476,932
M,49,4.3111,6.081668814,937
M,38,4.3128,6.079318562,939
M,30,4.3142,6.077361406,942
M,48,4.3144,6.076970126,943
M,33,4.3156,6.07540551,946
M,43,4.3164,6.074232576,948
M,46,4.3167,6.073841699,949
M,59,4.3222,6.066034704,953
M,34,4.3258,6.060970911,956
M,47,4.3267,6.059803544,957
M,57,4.3286,6.057081435,959
M,46,4.3308,6.053973446,960
M,44,4.3414,6.039253951,966
M,43,4.3428,6.037322502,967
M,38,4.3456,6.033463309,969
M,49,4.3478,6.030379504,970
M,27,4.3483,6.029609046,971
M,31,4.3547,6.020762901,976
M,27,4.3594,6.014241111,978
M,56,4.3603,6.013091674,979
M,55,4.3644,6.007351069,982
M,48,4.3678,6.002766472,984
M,34,4.3697,6.000095353,986
M,37,4.3708,5.998570067,987
M,27,4.3708,5.998570067,988
M,35,4.3736,5.994760241,997
M,63,4.3744,5.993618237,998
M,49,4.3792,5.98715509,1000
M,44,4.3886,5.974270523,1005
M,33,4.39,5.97238041,1007
M,34,4.3906,5.971624699,1008
M,45,4.3969,5.962947754,1013
M,39,4.4008,5.95767847,1015
M,51,4.4042,5.953169347,1017
M,34,4.4072,5.949041977,1018
M,32,4.4072,5.949041977,1019
M,35,4.4081,5.947917323,1020
M,67,4.4131,5.941178322,1025
M,53,4.4203,5.931471124,1028
M,37,4.4208,5.93072573,1029
M,36,4.4233,5.927373775,1032
M,32,4.4244,5.925885234,1033
M,48,4.4314,5.916598759,1039
M,24,4.4372,5.908820583,1041
M,32,4.4372,5.908820583,1043
M,45,4.4406,5.904385087,1044
M,51,4.4419,5.902538928,1046
M,43,4.4444,5.89921875,1047
M,64,4.4472,5.895534041,1049
M,30,4.4472,5.895534041,1050
M,46,4.4597,5.879009654,1056
M,59,4.4606,5.877911321,1057
M,37,4.4614,5.876813399,1058
M,39,4.4628,5.874984439,1060
M,34,4.4642,5.873156618,1061
M,57,4.4642,5.873156618,1062
M,64,4.4692,5.866585866,1066
M,48,4.4703,5.865127695,1067
M,39,4.4756,5.858211271,1068
M,44,4.4772,5.856030525,1070
M,34,4.4808,5.85131114,1075
M,60,4.4817,5.850223131,1076
M,38,4.4825,5.849135527,1077
M,48,4.4828,5.848773082,1079
M,28,4.4831,5.848410682,1080
M,45,4.4836,5.847686017,1081
M,46,4.49,5.839365256,1086
M,61,4.495,5.832869855,1089
M,40,4.4953,5.832509423,1090
M,52,4.4967,5.830707932,1092
M,34,4.4983,5.82854761,1093
M,40,4.4989,5.827827859,1094
M,38,4.5053,5.819563475,1102
M,41,4.5111,5.812038177,1107
M,29,4.5111,5.812038177,1110
M,56,4.5125,5.810249307,1113
M,26,4.5128,5.809891666,1114
M,39,4.5139,5.808461538,1115
M,29,4.5142,5.808104117,1116
M,34,4.5147,5.807389405,1117
M,44,4.515,5.807032115,1118
M,45,4.5275,5.790999448,1121
M,39,4.5278,5.790644172,1122
M,51,4.5336,5.783193432,1125
M,27,4.5367,5.77929831,1130
M,51,4.5381,5.777529534,1131
M,33,4.5467,5.766587243,1133
M,67,4.5469,5.766234956,1134
M,29,4.5475,5.765530511,1135
M,28,4.5481,5.764826238,1136
M,31,4.55,5.762362637,1138
M,43,4.5506,5.761659138,1139
M,61,4.5558,5.754984452,1141
M,58,4.5661,5.742030661,1148
M,47,4.5733,5.732962828,1156
M,43,4.5761,5.729482821,1159
M,44,4.5769,5.728439643,1160
M,46,4.5803,5.724270726,1162
M,40,4.5939,5.707310437,1169
M,26,4.5939,5.707310437,1170
M,38,4.5994,5.700416717,1172
M,40,4.6017,5.69766389,1174
M,42,4.6094,5.688049898,1175
M,46,4.6111,5.685993976,1176
M,39,4.6128,5.68393954,1178
M,32,4.6272,5.666196422,1187
M,37,4.6325,5.659740961,1190
M,43,4.6369,5.65431618,1191
M,26,4.6372,5.653977477,1192
M,42,4.6389,5.651946108,1194
M,29,4.6403,5.650254415,1196
M,34,4.6417,5.648563734,1197
M,68,4.6436,5.646198481,1200
M,50,4.6478,5.641136744,1201
M,55,4.6492,5.639451515,1205
M,32,4.6494,5.63911459,1206
M,69,4.6544,5.633056815,1209
M,22,4.6597,5.626676602,1210
M,26,4.66,5.626341202,1212
M,48,4.6611,5.625,1213
M,59,4.6628,5.622989396,1215
M,62,4.6697,5.614627327,1222
M,61,4.6722,5.611623068,1225
M,52,4.6764,5.606623107,1229
M,55,4.68,5.602297009,1231
M,47,4.6836,5.597977581,1233
M,70,4.6872,5.59366481,1236
M,63,4.6883,5.59233914,1237
M,47,4.6911,5.589027712,1240
M,33,4.6928,5.587042737,1242
M,31,4.6953,5.584067917,1245
M,42,4.6958,5.583407276,1246
M,58,4.6964,5.582746791,1247
M,41,4.7042,5.573516386,1251
M,25,4.7083,5.568584071,1255
M,54,4.7094,5.567270261,1257
M,37,4.7119,5.564316453,1260
M,52,4.7122,5.563988446,1261
M,38,4.7125,5.563660477,1263
M,48,4.7133,5.562676803,1265
M,55,4.7144,5.561365779,1266
M,59,4.7172,5.55809092,1271
M,59,4.7206,5.554166176,1273
M,34,4.7206,5.554166176,1274
M,51,4.7219,5.552532502,1275
M,38,4.7225,5.551879301,1276
M,30,4.7244,5.549594309,1277
M,29,4.7319,5.540798356,1280
M,45,4.7339,5.538522474,1282
M,50,4.7364,5.535599085,1284
M,50,4.7394,5.532030243,1286
M,39,4.7406,5.530733622,1287
M,60,4.7408,5.530409562,1288
M,37,4.7525,5.516833246,1294
M,44,4.7539,5.515221456,1295
M,56,4.7542,5.514899211,1297
M,46,4.7544,5.514577004,1298
M,50,4.7547,5.514254834,1299
M,37,4.76,5.508140756,1301
M,44,4.7617,5.506212811,1304
M,53,4.7658,5.501398846,1305
M,37,4.7686,5.49819421,1308
M,37,4.7692,5.497553731,1310
M,56,4.7692,5.497553731,1311
M,62,4.7725,5.493713986,1312
M,54,4.7758,5.489879602,1315
M,54,4.7761,5.489560312,1316
M,32,4.7792,5.486050567,1318
M,50,4.7806,5.484456711,1319
M,26,4.7867,5.477454735,1322
M,42,4.7881,5.47586587,1326
M,58,4.7925,5.470787689,1330
M,40,4.7944,5.468568946,1332
M,39,4.795,5.467935349,1333
M,40,4.7953,5.467618606,1335
M,57,4.8017,5.460343631,1339
M,58,4.8047,5.456871134,1340
M,44,4.8061,5.455294186,1341
M,58,4.8061,5.455294186,1343
M,32,4.8072,5.454033283,1345
M,31,4.8092,5.451828106,1346
M,44,4.8094,5.451513226,1348
M,62,4.81,5.450883576,1349
M,65,4.8108,5.449939373,1350
M,36,4.8139,5.446480092,1355
M,69,4.8242,5.43487649,1360
M,74,4.8264,5.432374101,1361
M,25,4.8275,5.43112377,1362
M,33,4.8306,5.427688327,1363
M,40,4.8319,5.426128198,1365
M,44,4.8367,5.420830462,1366
M,39,4.8381,5.419274272,1367
M,35,4.8403,5.416786227,1369
M,29,4.8408,5.416164572,1370
M,53,4.8414,5.41554306,1371
M,58,4.8419,5.414921691,1373
M,42,4.8422,5.41461106,1374
M,64,4.8425,5.414300465,1375
M,29,4.8444,5.412127294,1378
M,36,4.8475,5.408715833,1382
M,32,4.8489,5.40716659,1383
M,40,4.8497,5.406237471,1388
M,55,4.8561,5.399124814,1392
M,44,4.8569,5.398198456,1393
M,36,4.8572,5.39788974,1394
M,30,4.8586,5.396346693,1395
M,38,4.8622,5.392338894,1396
M,45,4.8639,5.390491148,1397
M,34,4.8725,5.380964597,1404
M,42,4.875,5.378205128,1405
M,41,4.8778,5.375142369,1406
M,61,4.8806,5.372083096,1409
M,43,4.8833,5.369027304,1411
M,64,4.8867,5.365364939,1414
M,53,4.8933,5.358055177,1415
M,46,4.8942,5.357142857,1417
M,39,4.8944,5.35683882,1419
M,29,4.8956,5.355623014,1421
M,40,4.8958,5.355319149,1422
M,70,4.9019,5.348642829,1425
M,31,4.9156,5.333832505,1435
M,41,4.9189,5.330217981,1438
M,50,4.9272,5.321203067,1440
M,63,4.9294,5.318804238,1441
M,50,4.9314,5.316707035,1442
M,57,4.9369,5.310724132,1443
M,68,4.9383,5.30923051,1445
M,41,4.9394,5.308036216,1446
M,52,4.9453,5.301774982,1448
M,44,4.9533,5.293152759,1452
M,57,4.9542,5.292262405,1453
M,27,4.9578,5.288407665,1455
M,34,4.9611,5.284854423,1456
M,46,4.9664,5.279238212,1459
M,43,4.9708,5.274518022,1464
M,62,4.9725,5.272750126,1465
M,40,4.9753,5.269806264,1466
M,51,4.9811,5.263634843,1472
M,38,4.9819,5.262754391,1473
M,30,4.9839,5.260701148,1477
M,35,4.985,5.259528586,1478
M,33,4.9853,5.259235527,1479
M,45,4.9858,5.258649507,1480
M,45,4.9908,5.253381199,1483
M,52,4.9911,5.253088825,1484
M,52,4.9925,5.251627441,1485
M,52,4.9931,5.251043115,1486
M,45,4.9939,5.250166871,1487
M,46,4.9969,5.246956473,1490
M,45,4.9969,5.246956473,1491
M,29,4.9989,5.244915537,1492
M,40,5,5.24375,1493
M,39,5.0064,5.237058203,1500
M,44,5.0128,5.230383464,1504
M,42,5.0186,5.22430398,1505
M,31,5.0256,5.217084899,1509
M,26,5.0319,5.210460944,1513
M,26,5.0319,5.210460944,1514
M,54,5.0408,5.201272938,1516
M,50,5.0425,5.199553793,1518
M,62,5.0431,5.198980997,1519
M,35,5.0511,5.190689617,1521
M,48,5.0581,5.183563073,1527
M,52,5.0708,5.170501233,1534
M,49,5.0725,5.168802366,1535
M,34,5.0731,5.168236325,1536
M,58,5.0753,5.1659734,1537
M,28,5.0903,5.150750341,1541
M,42,5.0922,5.148783548,1542
M,45,5.1094,5.131428727,1547
M,49,5.1156,5.125298653,1549
M,58,5.1219,5.118905581,1551
M,45,5.1322,5.108654471,1553
M,56,5.135,5.105890944,1554
M,18,5.1353,5.105614756,1555
M,48,5.1389,5.102027027,1557
M,62,5.1483,5.09266753,1559
M,18,5.1483,5.09266753,1560
M,62,5.1556,5.085533405,1563
M,43,5.1608,5.080332634,1565
M,63,5.1714,5.069962937,1566
M,58,5.1783,5.063163824,1570
M,54,5.1828,5.058821953,1576
M,41,5.1911,5.050700985,1577
M,63,5.2122,5.030244084,1585
M,66,5.2144,5.028100362,1586
M,64,5.2161,5.026493769,1588
M,33,5.2208,5.021947326,1589
M,50,5.2322,5.011016139,1594
M,39,5.2333,5.009952229,1596
M,48,5.2364,5.007028805,1597
M,58,5.2369,5.00649764,1598
M,42,5.2483,4.995633534,1604
M,32,5.2519,4.992198657,1605
M,43,5.2578,4.986659975,1610
M,46,5.2578,4.986659975,1611
M,47,5.2678,4.97719363,1617
M,46,5.2725,4.972735894,1619
M,30,5.285,4.960974456,1621
M,56,5.2928,4.953684266,1625
M,31,5.2978,4.949009018,1626
M,64,5.2986,4.948230668,1628
M,44,5.3117,4.936068403,1631
M,61,5.3236,4.924993478,1637
M,58,5.3239,4.924736513,1638
M,27,5.3325,4.916783872,1641
M,42,5.3333,4.916015625,1642
M,44,5.3422,4.907835899,1645
M,50,5.3525,4.898411957,1651
M,57,5.3589,4.892572051,1653
M,37,5.3697,4.882701361,1654
M,42,5.37,4.88244879,1655
M,57,5.3786,4.87463203,1657
M,47,5.3842,4.869602229,1659
M,43,5.3875,4.866589327,1662
M,34,5.3919,4.86257792,1666
M,29,5.4047,4.851081873,1669
M,42,5.4056,4.850334018,1670
M,68,5.4167,4.840384615,1672
M,28,5.4203,4.837159842,1675
M,63,5.43,4.828499079,1678
M,54,5.4375,4.82183908,1683
M,58,5.4431,4.816917581,1687
M,34,5.4453,4.814951793,1689
M,33,5.4458,4.814460597,1691
M,60,5.4461,4.814215036,1692
M,39,5.4561,4.805391508,1693
M,41,5.47,4.793190128,1697
M,45,5.4742,4.789541787,1700
M,44,5.4767,4.787355447,1701
M,51,5.4822,4.782504054,1703
M,35,5.4842,4.780808388,1705
M,68,5.4875,4.777904328,1707
M,57,5.4881,4.777420661,1708
M,71,5.4883,4.777178864,1710
M,42,5.4919,4.774037732,1714
M,44,5.4967,4.769936325,1718
M,66,5.4981,4.76873137,1719
M,40,5.5225,4.747623359,1722
M,33,5.5308,4.740470092,1725
M,54,5.5411,4.731677361,1728
M,65,5.5444,4.728832665,1732
M,50,5.5472,4.726464697,1734
M,24,5.5561,4.71890311,1736
M,34,5.5747,4.703149135,1742
M,46,5.5961,4.685173235,1750
M,48,5.6,4.681919643,1752
M,64,5.6025,4.679830433,1754
M,65,5.6222,4.663414032,1761
M,52,5.6242,4.661801748,1762
M,46,5.6297,4.657201362,1765
M,45,5.6306,4.656512087,1767
M,24,5.6403,4.648485595,1769
M,46,5.6581,4.633879916,1772
M,31,5.6617,4.630924345,1773
M,30,5.6639,4.629107406,1774
M,36,5.665,4.62819947,1777
M,64,5.6692,4.624797883,1781
M,30,5.6822,4.614171881,1784
M,54,5.6894,4.608314618,1788
M,40,5.6983,4.60112606,1789
M,48,5.7031,4.597316253,1790
M,49,5.7031,4.597316253,1791
M,30,5.7061,4.594854445,1793
M,53,5.7183,4.585033518,1795
M,32,5.7256,4.579249951,1799
M,50,5.7372,4.569938027,1801
M,30,5.7383,4.569053151,1802
M,26,5.7403,4.567505444,1804
M,52,5.7439,4.56463391,1806
M,24,5.7494,4.56022321,1807
M,46,5.7497,4.560002899,1808
M,76,5.7603,4.551646815,1812
M,50,5.7622,4.550110875,1813
M,60,5.7644,4.548356785,1815
M,47,5.7756,4.539606579,1818
M,50,5.7764,4.538951671,1819
M,39,5.7878,4.530020157,1822
M,38,5.7897,4.528498777,1823
M,51,5.7992,4.521123725,1826
M,64,5.8031,4.518093916,1827
M,74,5.8044,4.517012825,1828
M,41,5.8047,4.516796669,1829
M,43,5.8122,4.510968266,1831
M,55,5.8208,4.504294918,1832
M,43,5.8272,4.499356469,1834
M,54,5.8319,4.495713265,1836
M,47,5.8328,4.495070959,1837
M,35,5.8411,4.48865798,1838
M,42,5.8433,4.486950941,1839
M,44,5.8469,4.484179771,1841
M,38,5.8544,4.478435187,1842
M,69,5.8558,4.47737299,1843
M,57,5.8922,4.449721856,1850
M,35,5.9019,4.442391867,1853
M,31,5.9047,4.440302018,1854
M,42,5.9239,4.425935478,1857
M,63,5.9367,4.416409321,1861
M,36,5.9428,4.411867813,1864
M,37,5.9447,4.410424747,1865
M,42,5.9592,4.399734303,1866
M,50,5.9808,4.383795458,1868
M,58,5.9814,4.383388288,1870
M,38,6.0119,4.361109828,1876
M,45,6.0358,4.343849234,1879
M,35,6.0442,4.337860196,1881
